[null,{"name":"help","permissions":"NONE","restriction":"1","_id":"XGeFC","actions":[{"info":"19","storage":"1","varName2":"prefix","name":"Store Bot Client Info"},{"title":"Help","author":"","color":"#00ff77","url":"","authorIcon":"","authorUrl":"","imageUrl":"","thumbUrl":"","timestamp":"true","debug":"false","text":"","year":"","month":"","day":"","hour":"","minute":"","second":"","storage":"1","varName":"help","name":"Create Embed Message"},{"storage":"1","varName":"help","message":"Here is a list of what I can do and how to use me!","name":"Set Embed Description"},{"storage":"1","varName":"help","fieldName":"Commands","message":"${tempVars(\"prefix\")}ping - Pings the specific host!\n```\n${tempVars(\"prefix\")}ping google.com```\n\n${tempVars(\"prefix\")}newMonitor - Creates a new ping monitor!\n```\n${tempVars(\"prefix\")}newMonitor google.com```\n\n${tempVars(\"prefix\")}delay - Sets the delay in between each ping in seconds! *(CAREFUL WITH THIS)*\n```\n${tempVars(\"prefix\")}delay 30```","inline":"1","name":"Add Embed Field"},{"storage":"1","varName":"help","message":"Creator: Sleepless Kyru#7615 - https://buildmybot.flarum.cloud/","footerIcon":"","name":"Set Embed Footer"},{"storage":"1","varName":"help","channel":"0","varName2":"","storage3":"0","varName3":"","iffalse":"0","iffalseVal":"","name":"Send Embed Message"}]},{"name":"ping","permissions":"NONE","restriction":"1","_id":"XYLeO","actions":[{"info":"0","infoIndex":"1","storage":"1","varName":"param","name":"Store Command Params"},{"token":"","user":"","pass":"","url":"https://steakovercooked.com/api/ping/?host=${tempVars(\"param\")}","path":"","storage":"1","varName":"json","debugMode":"1","headers":"","name":"Store Json From WebAPI"},{"behavior":"0","inputStorage":"1","inputVarName":"json","theType":"0","typeVariable":"\\s*time=\\s*(.*)","storage":"1","varName":"ping","name":"Store Regex Matched Variable"},{"channel":"0","varName":"","message":"${tempVars(\"ping\")[1]}","storage":"0","varName2":"","iffalse":"0","iffalseVal":"","name":"Send Message"}],"comType":"0"},{"name":"newMonitor","permissions":"NONE","restriction":"1","_id":"QyjYu","actions":[{"member":"1","varName":"","permission":"MANAGE_GUILD","iftrue":"3","iftrueVal":"2","iffalse":"0","iffalseVal":"","name":"Check Member Permissions"},{"channel":"0","varName":"","message":":x: You need **Manage Guild** to use this command!","storage":"0","varName2":"","iffalse":"0","iffalseVal":"","name":"Send Message"},{"name":"End Action Sequence"},{"member":"1","varName":"","info":"1","storage":"1","varName2":"memberID","name":"Store Member Info"},{"channel":"0","varName":"","message":"What do you want to title this monitor? *(this is what will be next to the ping status in the channel)*","storage":"0","varName2":"","iffalse":"0","iffalseVal":"","name":"Send Message"},{"storage":"0","varName":"","filter":"author.id === '${tempVars(\"memberID\")}'","max":"1","time":"60000","iftrue":"0","iftrueVal":"","iffalse":"3","iffalseVal":"13","storage2":"1","varName2":"title","name":"Await Response Call Action"},{"channel":"0","varName":"","message":"What is the host you want me to monitor? *(This is the website without https://)*","storage":"0","varName2":"","iffalse":"0","iffalseVal":"","name":"Send Message"},{"storage":"0","varName":"","filter":"author.id === '${tempVars(\"memberID\")}'","max":"1","time":"60000","iftrue":"0","iftrueVal":"","iffalse":"3","iffalseVal":"11","storage2":"1","varName2":"host","name":"Await Response Call Action"},{"list":"7","varName":"title","start":"","middle":"","end":"","storage":"1","varName2":"titleText","sort":"1","name":"Convert List to Text"},{"list":"7","varName":"host","start":"","middle":"","end":"","storage":"1","varName2":"hostText","sort":"1","name":"Convert List to Text"},{"channelName":"Monitor: Pending...","categoryID":"","bitrate":"","userLimit":"","storage":"1","varName":"VC","name":"Create Voice Channel"},{"storage":"3","varName":"VC","permission":"CONNECT","state":"1","name":"Set Voice Channel Perms"},{"channel":"3","varName":"VC","info":"1","storage":"1","varName2":"channelID","name":"Store Voice Channel Info"},{"server":"0","varName":"","dataName":"monitor-title","changeType":"0","value":"tempVars(\"titleText\")","name":"Control Server Data"},{"server":"0","varName":"","dataName":"monitor-host","changeType":"0","value":"tempVars(\"hostText\")","name":"Control Server Data"},{"server":"0","varName":"","dataName":"monitor-channelID","changeType":"0","value":"tempVars(\"channelID\")","name":"Control Server Data"},{"sourcetype":"0","source":"ARJDO","source2":"","type":"true","name":"Call Command/Event"},{"channel":"0","varName":"","message":":white_check_mark: Awesome! Your monitor is all setup :smile:","storage":"0","varName2":"","iffalse":"0","iffalseVal":"","name":"Send Message"},{"name":"End Action Sequence"},{"channel":"0","varName":"","message":":x: You have taken too long to respond, please try again!","storage":"0","varName2":"","iffalse":"0","iffalseVal":"","name":"Send Message"}]},{"name":"delay","permissions":"NONE","restriction":"1","_id":"GtjNo","actions":[{"member":"1","varName":"","permission":"MANAGE_GUILD","iftrue":"3","iftrueVal":"2","iffalse":"0","iffalseVal":"","name":"Check Member Permissions"},{"channel":"0","varName":"","message":":x: You need **Manage Guild** to use this command!","storage":"0","varName2":"","iffalse":"0","iffalseVal":"","name":"Send Message"},{"name":"End Action Sequence"},{"member":"1","varName":"","info":"1","storage":"1","varName2":"memberID","name":"Store Member Info"},{"channel":"0","varName":"","message":"How long would you like me to wait before pinging the host **(In seconds)**?\n\n*(please keep in mind, the if I ping too much too fast, discord might temp/perm turn me off as it can be seen as discord API spam)*","storage":"0","varName2":"","iffalse":"0","iffalseVal":"","name":"Send Message"},{"storage":"0","varName":"","filter":"author.id === '${tempVars(\"memberID\")}'","max":"1","time":"60000","iftrue":"0","iftrueVal":"","iffalse":"3","iffalseVal":"4","storage2":"1","varName2":"delay","name":"Await Response Call Action"},{"list":"7","varName":"delay","start":"","middle":"","end":"","storage":"1","varName2":"delayText","sort":"1","name":"Convert List to Text"},{"server":"0","varName":"","dataName":"monitor-delay","changeType":"0","value":"tempVars(\"delayText\")","name":"Control Server Data"},{"channel":"0","varName":"","message":"Alright! I have set the delay to **${tempVars(\"delayText\")} seconds**","storage":"0","varName2":"","iffalse":"0","iffalseVal":"","name":"Send Message"},{"name":"End Action Sequence"},{"channel":"0","varName":"","message":":x: You have taken too long to respond, please try again!","storage":"0","varName2":"","iffalse":"0","iffalseVal":"","name":"Send Message"}]}]