[null,{"name":"refreshPing","temp":"20","event-type":"1","_id":"ARJDO","actions":[{"server":"0","varName":"","dataName":"monitor-delay","defaultVal":"\"30\"","storage":"1","varName2":"delay","name":"Store Server Data"},{"server":"0","varName":"","dataName":"monitor-title","defaultVal":"\"Untitled\"","storage":"1","varName2":"title","name":"Store Server Data"},{"server":"0","varName":"","dataName":"monitor-host","defaultVal":"\"No Host\"","storage":"1","varName2":"host","name":"Store Server Data"},{"server":"0","varName":"","dataName":"monitor-channelID","defaultVal":"0","storage":"1","varName2":"channelID","name":"Store Server Data"},{"token":"","user":"","pass":"","url":"https://steakovercooked.com/api/ping/?host=${tempVars(\"host\")}","path":"","storage":"1","varName":"json","debugMode":"1","headers":"","name":"Store Json From WebAPI"},{"behavior":"0","inputStorage":"1","inputVarName":"json","theType":"0","typeVariable":"\\s*time=\\s*(.*)","storage":"1","varName":"ping","name":"Store Regex Matched Variable"},{"info":"0","find":"${tempVars(\"channelID\")}","storage":"1","varName":"channel","name":"Find Voice Channel"},{"storage":"3","varName":"channel","channelType":"1","toChange":"0","newState":"${tempVars(\"title\")}: ${tempVars(\"ping\")[1]}","name":"Edit Channel"},{"time":"${tempVars(\"delay\")}","measurement":"1","name":"Wait"},{"sourcetype":"0","source":"ARJDO","source2":"","type":"true","name":"Call Command/Event"}],"comType":"0"}]